化妆师,主播编号,化妆开始时间,化妆结束时间,直播开始时间,直播结束时间,是否化妆
化妆师1,主播1,07:00,07:40,08:40,15:10,是
化妆师1,主播2,07:40,08:20,09:20,15:50,是
化妆师1,主播3,08:20,09:00,10:00,16:30,是
化妆师1,主播4,09:00,09:40,10:40,17:10,是
化妆师1,主播5,09:40,10:20,11:20,17:50,是
化妆师1,主播6,10:20,11:00,12:00,18:30,是
化妆师1,主播7,11:00,11:40,12:40,19:10,是
化妆师1,主播8,11:40,12:20,13:20,19:50,是
化妆师1,主播9,12:20,13:00,14:00,20:30,是
化妆师1,主播10,13:00,13:40,14:40,21:10,是
化妆师1,主播11,13:40,14:20,15:20,21:50,是
化妆师1,主播12,14:20,15:00,16:00,22:30,是
化妆师1,主播13,15:00,15:40,16:40,23:10,是
化妆师2,主播14,07:00,07:40,08:40,15:10,是
化妆师2,主播15,07:40,08:20,09:20,15:50,是
化妆师2,主播16,08:20,09:00,10:00,16:30,是
化妆师2,主播17,09:00,09:40,10:40,17:10,是
化妆师2,主播18,09:40,10:20,11:20,17:50,是
化妆师2,主播19,10:20,11:00,12:00,18:30,是
化妆师2,主播20,11:00,11:40,12:40,19:10,是
化妆师2,主播21,11:40,12:20,13:20,19:50,是
化妆师2,主播22,12:20,13:00,14:00,20:30,是
化妆师2,主播23,13:00,13:40,14:40,21:10,是
化妆师2,主播24,13:40,14:20,15:20,21:50,是
化妆师2,主播25,14:20,15:00,16:00,22:30,是
化妆师2,主播26,15:00,15:40,16:40,23:10,是
化妆师3,主播27,07:00,07:40,08:40,15:10,是
化妆师3,主播28,07:40,08:20,09:20,15:50,是
化妆师3,主播29,08:20,09:00,10:00,16:30,是
化妆师3,主播30,09:00,09:40,10:40,17:10,是
化妆师3,主播31,09:40,10:20,11:20,17:50,是
化妆师3,主播32,10:20,11:00,12:00,18:30,是
化妆师3,主播33,11:00,11:40,12:40,19:10,是
化妆师3,主播34,11:40,12:20,13:20,19:50,是
化妆师3,主播35,12:20,13:00,14:00,20:30,是
化妆师3,主播36,13:00,13:40,14:40,21:10,是
化妆师3,主播37,13:40,14:20,15:20,21:50,是
化妆师3,主播38,14:20,15:00,16:00,22:30,是
化妆师3,主播39,15:00,15:40,16:40,23:10,是
化妆师4,主播40,07:00,07:40,08:40,15:10,是
化妆师4,主播41,07:40,08:20,09:20,15:50,是
化妆师4,主播42,08:20,09:00,10:00,16:30,是
化妆师4,主播43,09:00,09:40,10:40,17:10,是
化妆师4,主播44,09:40,10:20,11:20,17:50,是
化妆师4,主播45,10:20,11:00,12:00,18:30,是
化妆师4,主播46,11:00,11:40,12:40,19:10,是
化妆师4,主播47,11:40,12:20,13:20,19:50,是
化妆师4,主播48,12:20,13:00,14:00,20:30,是
化妆师4,主播49,13:00,13:40,14:40,21:10,是
化妆师4,主播50,13:40,14:20,15:20,21:50,是
化妆师4,主播51,14:20,15:00,16:00,22:30,是
化妆师4,主播52,15:00,15:40,16:40,23:10,是
化妆师5,主播53,07:00,07:40,08:40,15:10,是
化妆师5,主播54,07:40,08:20,09:20,15:50,是
化妆师5,主播55,08:20,09:00,10:00,16:30,是
化妆师5,主播56,09:00,09:40,10:40,17:10,是
化妆师5,主播57,09:40,10:20,11:20,17:50,是
化妆师5,主播58,10:20,11:00,12:00,18:30,是
化妆师5,主播59,11:00,11:40,12:40,19:10,是
化妆师5,主播60,11:40,12:20,13:20,19:50,是
化妆师5,主播61,12:20,13:00,14:00,20:30,是
化妆师5,主播62,13:00,13:40,14:40,21:10,是
化妆师5,主播63,13:40,14:20,15:20,21:50,是
化妆师5,主播64,14:20,15:00,16:00,22:30,是
化妆师5,主播65,15:00,15:40,16:40,23:10,是
化妆师6,主播66,07:00,07:40,08:40,15:10,是
化妆师6,主播67,07:40,08:20,09:20,15:50,是
化妆师6,主播68,08:20,09:00,10:00,16:30,是
化妆师6,主播69,09:00,09:40,10:40,17:10,是
化妆师6,主播70,09:40,10:20,11:20,17:50,是
化妆师6,主播71,10:20,11:00,12:00,18:30,是
化妆师6,主播72,11:00,11:40,12:40,19:10,是
化妆师6,主播73,11:40,12:20,13:20,19:50,是
化妆师6,主播74,12:20,13:00,14:00,20:30,是
化妆师6,主播75,13:00,13:40,14:40,21:10,是
化妆师6,主播76,13:40,14:20,15:20,21:50,是
化妆师6,主播77,14:20,15:00,16:00,22:30,是
化妆师6,主播78,15:00,15:40,16:40,23:10,是
化妆师7,主播79,07:00,07:40,08:40,15:10,是
化妆师7,主播80,07:40,08:20,09:20,15:50,是
化妆师7,主播81,08:20,09:00,10:00,16:30,是
化妆师7,主播82,09:00,09:40,10:40,17:10,是
化妆师7,主播83,09:40,10:20,11:20,17:50,是
化妆师7,主播84,10:20,11:00,12:00,18:30,是
化妆师7,主播85,11:00,11:40,12:40,19:10,是
化妆师7,主播86,11:40,12:20,13:20,19:50,是
化妆师7,主播87,12:20,13:00,14:00,20:30,是
化妆师7,主播88,13:00,13:40,14:40,21:10,是
化妆师7,主播89,13:40,14:20,15:20,21:50,是
化妆师7,主播90,14:20,15:00,16:00,22:30,是
化妆师7,主播91,15:00,15:40,16:40,23:10,是
化妆师8,主播92,07:00,07:40,08:40,15:10,是
化妆师8,主播93,07:40,08:20,09:20,15:50,是
化妆师8,主播94,08:20,09:00,10:00,16:30,是
化妆师8,主播95,09:00,09:40,10:40,17:10,是
化妆师8,主播96,09:40,10:20,11:20,17:50,是
化妆师8,主播97,10:20,11:00,12:00,18:30,是
化妆师8,主播98,11:00,11:40,12:40,19:10,是
化妆师8,主播99,11:40,12:20,13:20,19:50,是
化妆师8,主播100,12:20,13:00,14:00,20:30,是
化妆师8,主播101,13:00,13:40,14:40,21:10,是
化妆师8,主播102,13:40,14:20,15:20,21:50,是
化妆师8,主播103,14:20,15:00,16:00,22:30,是
化妆师8,主播104,15:00,15:40,16:40,23:10,是
化妆师9,主播105,07:00,07:40,08:40,15:10,是
化妆师9,主播106,07:40,08:20,09:20,15:50,是
化妆师9,主播107,08:20,09:00,10:00,16:30,是
化妆师9,主播108,09:00,09:40,10:40,17:10,是
化妆师9,主播109,09:40,10:20,11:20,17:50,是
化妆师9,主播110,10:20,11:00,12:00,18:30,是
化妆师9,主播111,11:00,11:40,12:40,19:10,是
化妆师9,主播112,11:40,12:20,13:20,19:50,是
化妆师9,主播113,12:20,13:00,14:00,20:30,是
化妆师9,主播114,13:00,13:40,14:40,21:10,是
化妆师9,主播115,13:40,14:20,15:20,21:50,是
化妆师9,主播116,14:20,15:00,16:00,22:30,是
化妆师9,主播117,15:00,15:40,16:40,23:10,是
化妆师10,主播118,07:00,07:40,08:40,15:10,是
化妆师10,主播119,07:40,08:20,09:20,15:50,是
化妆师10,主播120,08:20,09:00,10:00,16:30,是
化妆师10,主播121,09:00,09:40,10:40,17:10,是
化妆师10,主播122,09:40,10:20,11:20,17:50,是
化妆师10,主播123,10:20,11:00,12:00,18:30,是
化妆师10,主播124,11:00,11:40,12:40,19:10,是
化妆师10,主播125,11:40,12:20,13:20,19:50,是
化妆师10,主播126,12:20,13:00,14:00,20:30,是
化妆师10,主播127,13:00,13:40,14:40,21:10,是
化妆师10,主播128,13:40,14:20,15:20,21:50,是
化妆师10,主播129,14:20,15:00,16:00,22:30,是
化妆师10,主播130,15:00,15:40,16:40,23:10,是
化妆师11,主播131,07:00,07:40,08:40,15:10,是
化妆师11,主播132,07:40,08:20,09:20,15:50,是
化妆师11,主播133,08:20,09:00,10:00,16:30,是
化妆师11,主播134,09:00,09:40,10:40,17:10,是
化妆师11,主播135,09:40,10:20,11:20,17:50,是
化妆师11,主播136,10:20,11:00,12:00,18:30,是
化妆师11,主播137,11:00,11:40,12:40,19:10,是
化妆师11,主播138,11:40,12:20,13:20,19:50,是
化妆师11,主播139,12:20,13:00,14:00,20:30,是
化妆师11,主播140,13:00,13:40,14:40,21:10,是
化妆师11,主播141,13:40,14:20,15:20,21:50,是
化妆师11,主播142,14:20,15:00,16:00,22:30,是
化妆师11,主播143,15:00,15:40,16:40,23:10,是
化妆师12,主播144,07:00,07:40,08:40,15:10,是
化妆师12,主播145,07:40,08:20,09:20,15:50,是
化妆师12,主播146,08:20,09:00,10:00,16:30,是
化妆师12,主播147,09:00,09:40,10:40,17:10,是
化妆师12,主播148,09:40,10:20,11:20,17:50,是
化妆师12,主播149,10:20,11:00,12:00,18:30,是
化妆师12,主播150,11:00,11:40,12:40,19:10,是
化妆师12,主播151,11:40,12:20,13:20,19:50,是
化妆师12,主播152,12:20,13:00,14:00,20:30,是
化妆师12,主播153,13:00,13:40,14:40,21:10,是
化妆师12,主播154,13:40,14:20,15:20,21:50,是
化妆师12,主播155,14:20,15:00,16:00,22:30,是
化妆师12,主播156,15:00,15:40,16:40,23:10,是
化妆师13,主播157,07:00,07:40,08:40,15:10,是
化妆师13,主播158,07:40,08:20,09:20,15:50,是
化妆师13,主播159,08:20,09:00,10:00,16:30,是
化妆师13,主播160,09:00,09:40,10:40,17:10,是
化妆师13,主播161,09:40,10:20,11:20,17:50,是
化妆师13,主播162,10:20,11:00,12:00,18:30,是
化妆师13,主播163,11:00,11:40,12:40,19:10,是
化妆师13,主播164,11:40,12:20,13:20,19:50,是
化妆师13,主播165,12:20,13:00,14:00,20:30,是
化妆师13,主播166,13:00,13:40,14:40,21:10,是
化妆师13,主播167,13:40,14:20,15:20,21:50,是
化妆师13,主播168,14:20,15:00,16:00,22:30,是
化妆师13,主播169,15:00,15:40,16:40,23:10,是
化妆师14,主播170,07:00,07:40,08:40,15:10,是
化妆师14,主播171,07:40,08:20,09:20,15:50,是
化妆师14,主播172,08:20,09:00,10:00,16:30,是
化妆师14,主播173,09:00,09:40,10:40,17:10,是
化妆师14,主播174,09:40,10:20,11:20,17:50,是
化妆师14,主播175,10:20,11:00,12:00,18:30,是
化妆师14,主播176,11:00,11:40,12:40,19:10,是
化妆师14,主播177,11:40,12:20,13:20,19:50,是
化妆师14,主播178,12:20,13:00,14:00,20:30,是
化妆师14,主播179,13:00,13:40,14:40,21:10,是
化妆师14,主播180,13:40,14:20,15:20,21:50,是
化妆师14,主播181,14:20,15:00,16:00,22:30,是
化妆师14,主播182,15:00,15:40,16:40,23:10,是
化妆师15,主播183,07:00,07:40,08:40,15:10,是
化妆师15,主播184,07:40,08:20,09:20,15:50,是
化妆师15,主播185,08:20,09:00,10:00,16:30,是
化妆师15,主播186,09:00,09:40,10:40,17:10,是
化妆师15,主播187,09:40,10:20,11:20,17:50,是
化妆师15,主播188,10:20,11:00,12:00,18:30,是
化妆师15,主播189,11:00,11:40,12:40,19:10,是
化妆师15,主播190,11:40,12:20,13:20,19:50,是
化妆师15,主播191,12:20,13:00,14:00,20:30,是
化妆师15,主播192,13:00,13:40,14:40,21:10,是
化妆师15,主播193,13:40,14:20,15:20,21:50,是
化妆师15,主播194,14:20,15:00,16:00,22:30,是
化妆师15,主播195,15:00,15:40,16:40,23:10,是
无,主播196,,,08:00,14:30,否
无,主播197,,,14:30,21:00,否
无,主播198,,,21:00,03:30,否
无,主播199,,,08:00,14:30,否
无,主播200,,,14:30,21:00,否
无,主播201,,,21:00,03:30,否
无,主播202,,,08:00,14:30,否
无,主播203,,,14:30,21:00,否
无,主播204,,,21:00,03:30,否
无,主播205,,,08:00,14:30,否
无,主播206,,,14:30,21:00,否
无,主播207,,,21:00,03:30,否
无,主播208,,,08:00,14:30,否
无,主播209,,,14:30,21:00,否
无,主播210,,,21:00,03:30,否
无,主播211,,,08:00,14:30,否
无,主播212,,,14:30,21:00,否
无,主播213,,,21:00,03:30,否
无,主播214,,,08:00,14:30,否
无,主播215,,,14:30,21:00,否
无,主播216,,,21:00,03:30,否
无,主播217,,,08:00,14:30,否
无,主播218,,,14:30,21:00,否
无,主播219,,,21:00,03:30,否
无,主播220,,,08:00,14:30,否
无,主播221,,,14:30,21:00,否
无,主播222,,,21:00,03:30,否
无,主播223,,,08:00,14:30,否
无,主播224,,,14:30,21:00,否
无,主播225,,,21:00,03:30,否
